"Star_idx";"faction_key";"substructure"
7;"FCL";"FCL,Donegal March,Alarion Operational Area,Region 1"
8;"FCL";"FCL,Periphery March,Venaria Operational Area,Region 2"
9;"DC";"DC,Pesht Military District,Ningxia Prefecture"
14;"FCF";"FCF,Capellan March,Kathil Operational Area,Valexa PDZ"
15;"FCL";"FCL,Sarna March,Terra Firma Operational Area,Region 2"
18;"A";"A"
20;"A";"A"
25;"MOC";"MOC"
28;"FCF";"FCF,Crucis March,Minette Operational Area,Broken Wheel Combat Region"
31;"MOC";"MOC"
34;"FCF";"FCF,Draconis March,Woodbine Operational Area,Milligan PDZ"
36;"MOC";"MOC"
37;"A";"A"
39;"DC";"DC,Galedon Military District,Oshika Prefecture"
42;"A";"A"
49;"FCL";"FCL,Periphery March,Venaria Operational Area,Region 3"
51;"DC";"DC,Dieron Military District,Al Na'ir Prefecture,Minor Capital"
60;"CC";"CC,Capella Commonality,Region 2"
67;"DC";"DC,Pesht Military District,Qandahar Prefecture"
71;"FCF";"FCF,Capellan March,Kathil Operational Area,Valexa PDZ"
72;"FWL";"FWL"
73;"FCL";"FCL,Skye March,Alcor Operational Area,Region 2"
82;"FCF";"FCF,Capellan March,Kathil Operational Area,Valexa PDZ"
85;"DC";"DC,Dieron Military District,Vega Prefecture"
86;"FWL";"FWL"
88;"FWL";"FWL"
91;"DC";"DC,Dieron Military District,Kessel Prefecture"
93;"FCF";"FCF,Crucis March,Chirikof Operational Area,Remagen Combat Region"
94;"DC";"DC,Alshain Military District,Rubigen Prefecture,Major Capital"
96;"FCF";"FCF,Draconis March,Woodbine Operational Area,Milligan PDZ"
101;"FWL";"FWL,Marik Commonwealth"
104;"A";"A"
107;"A";"A"
108;"CC";"CC,Sian Commonality,Region 2"
109;"FWL";"FWL"
111;"FCL";"FCL,Tamar March,Blackjack Operational Area,Region 3"
113;"A";"A"
116;"A";"A"
118;"FWL";"FWL,Silver Hawks Coalition"
126;"DC";"DC,Dieron Military District,Al Na'ir Prefecture"
127;"FCF";"FCF,Crucis March,Minette Operational Area,Point Barrow Combat Region"
128;"CC";"CC,Sian Commonality,Region 7"
129;"A";"A"
130;"FCF";"FCF,Capellan March,Kathil Operational Area,Kathil PDZ"
131;"FWL";"FWL,Duchy of Andurien,Major Capital"
137;"A";"A"
138;"FCF";"FCF,Draconis March,Woodbine Operational Area,Bryceland PDZ"
143;"FCL";"FCL,Periphery March,Tsarahavana Operational Area,Region 1"
146;"FCL";"FCL,Tamar March,Benfled Operational Area,Region 2"
154;"A";"A"
160;"A";"A"
162;"A";"A"
165;"FCL";"FCL,Tamarind March,Soilihull Operational Area,Region 3"
166;"FCL";"FCL,Donegal March,Pherkad Operational Area,Region 2"
169;"CC";"CC,Capella Commonality,Region 4"
177;"FCL";"FCL,Periphery March,Tsarahavana Operational Area,Region 2"
184;"A";"A"
187;"DC";"DC,Dieron Military District,Al Na'ir Prefecture"
191;"FWL";"FWL"
196;"FCL";"FCL,Skye March,Ryde Operational Area,Region 3"
199;"A";"A"
200;"FCF";"FCF,Capellan March,Kathil Operational Area,Alcyone PDZ"
206;"FWL";"FWL"
211;"FWL";"FWL,Marik Commonwealth"
214;"A";"A"
215;"FCL";"FCL,Donegal March,Coventry Operational Area,Region 2"
216;"FWL";"FWL"
218;"FWL";"FWL,Marik Commonwealth"
220;"FWL";"FWL,Principality of Regulus"
221;"DC";"DC,Pesht Military District,Kagoshima Prefecture"
231;"FCL";"FCL,Tamar March,Blackjack Operational Area,Region 2"
232;"DC";"DC,Benjamin Military District,Baldur Prefecture"
240;"FCL";"FCL,Tamar March,Blackjack Operational Area,Region 3"
245;"A";"A"
246;"FCL";"FCL,Tamar March,Benfled Operational Area,Region 2"
247;"FR";"FR,Rasalhague Province"
250;"DC";"DC,Galedon Military District,New Samarkand Prefecture"
253;"DC";"DC,Pesht Military District,Bjarred Prefecture"
257;"FCF";"FCF,Crucis March,Chirikof Operational Area,Kearny Combat Region"
259;"FWL";"FWL"
260;"FCF";"FCF,Draconis March,Robinson Operational Area,Dahar PDZ"
261;"CC";"CC,Sian Commonality,Region 8"
265;"FCL";"FCL,Periphery March,Tsarahavana Operational Area,Region 3"
266;"FCF";"FCF,Draconis March,Robinson Operational Area,Addicks PDZ"
267;"FCF";"FCF,Crucis March,Chirikof Operational Area,Islamabad Combat Region"
268;"FR";"FR,Radstadt Province"
269;"MOC";"MOC"
270;"FCF";"FCF,Draconis March,Woodbine Operational Area,Kilbourne PDZ"
275;"A";"A"
280;"A";"A"
284;"FWL";"FWL,Stewart Commonality"
285;"FCF";"FCF,Crucis March,Markesan Operational Area,Achemar Combat Region"
286;"FCF";"FCF,Capellan March,Taygeta Operational Area,Altair PDZ"
288;"A";"A"
289;"A";"A"
293;"A";"A"
294;"FWL";"FWL"
295;"FCF";"FCF,Crucis March,Markesan Operational Area,New Avalon Combat Region"
297;"FCF";"FCF,Crucis March,Markesan Operational Area,Kestrel Combat Region"
299;"FCF";"FCF,Draconis March,Woodbine Operational Area,Mayetta PDZ"
301;"FCL";"FCL,Tamar March,Benfled Operational Area,Region 2,Minor Capital"
307;"DC";"DC,Galedon Military District,Matsuida Prefecture"
310;"FCL";"FCL,Tamar March,Benfled Operational Area,Region 1"
315;"FCF";"FCF,Capellan March,Kathil Operational Area,Kathil PDZ"
319;"A";"A"
321;"FCL";"FCL,Sarna March,Terra Firma Operational Area,Region 3"
322;"A";"A"
325;"DC";"DC,Dieron Military District,Al Na'ir Prefecture"
326;"A";"A"
327;"FCL";"FCL,Periphery March,Venaria Operational Area,Region 3"
329;"FCL";"FCL,Tamar March,Benfled Operational Area,Region 2"
332;"FWL";"FWL"
333;"CC";"CC,Capella Commonality,Region 1"
336;"FCL";"FCL,Tamarind March,Soilihull Operational Area,Region 1"
340;"FCL";"FCL,Tamar March,Benfled Operational Area,Region 2"
344;"A";"A"
346;"FCL";"FCL,Tamar March,Blackjack Operational Area,Region 2"
347;"A";"A"
351;"A";"A"
353;"FCL";"FCL,Periphery March,Venaria Operational Area,Region 3"
354;"A";"A"
356;"FCF";"FCF,Crucis March,Markesan Operational Area,Kestrel Combat Region"
357;"A";"A"
360;"A";"A"
362;"FCL";"FCL,Tamar March,Blackjack Operational Area,Region 1"
366;"FCL";"FCL,Sarna March,Palos Operational Area,Region 3"
367;"CC";"CC,Sian Commonality,Region 9"
368;"FWL";"FWL"
373;"GV";"GV"
379;"A";"A"
381;"DC";"DC,Pesht Military District,Qandahar Prefecture"
386;"FCF";"FCF,Draconis March,Robinson Operational Area,Raman PDZ"
393;"A";"A"
395;"TC";"TC,Hyades Union"
400;"FCF";"FCF,Crucis March,Minette Operational Area,Broken Wheel Combat Region"
405;"FCL";"FCL,Donegal March,Coventry Operational Area,Region 1"
406;"A";"A"
407;"FR";"FR,Rasalhague Province"
410;"FCL";"FCL,Sarna March,Terra Firma Operational Area,Region 1"
413;"FCL";"FCL,Periphery March,Tsarahavana Operational Area,Region 2"
415;"DC";"DC,Galedon Military District,Kaznejoy Prefecture"
416;"FCL";"FCL,Periphery March,Venaria Operational Area,Region 3"
421;"FCL";"FCL,Tamar March,Blackjack Operational Area,Region 3"
423;"FWL";"FWL"
424;"A";"A"
427;"A";"A"
436;"I";"I"
437;"DC";"DC,Alshain Military District,Buckminster Prefecture"
439;"A";"A"
444;"FCL";"FCL,Donegal March,Pherkad Operational Area,Region 3"
445;"FWL";"FWL,Duchy of Oriente"
446;"CC";"CC,Sian Commonality,Region 1"
449;"TC";"TC,Hyades Union"
450;"FCF";"FCF,Crucis March,Chirikof Operational Area,Islamabad Combat Region"
457;"FCL";"FCL,Sarna March,Palos Operational Area,Region 2"
459;"FCL";"FCL,Periphery March,Tsarahavana Operational Area,Region 2"
460;"MOC";"MOC"
464;"FCF";"FCF,Crucis March,Markesan Operational Area,Kestrel Combat Region"
465;"CC";"CC,Capella Commonality,Region 2,Major Capital"
471;"FWL";"FWL,Duchy of Orloff"
472;"A";"A"
473;"A";"A"
474;"A";"A"
479;"CC";"CC,Sian Commonality,Region 5"
480;"FCF";"FCF,Capellan March,Taygeta Operational Area,Altair PDZ"
484;"FCL";"FCL,Skye March,Alcor Operational Area,Region 2"
487;"FCL";"FCL,Sarna March,Terra Firma Operational Area,Region 1"
489;"FCF";"FCF,Draconis March,Robinson Operational Area,Kentares PDZ"
490;"FR";"FR,Radstadt Province"
491;"FCF";"FCF,Draconis March,Robinson Operational Area,Dahar PDZ"
493;"CC";"CC,Sian Commonality,Region 3"
497;"FCL";"FCL,Tamarind March,Bolan Operational Area,Region 2"
498;"A";"A"
500;"DC";"DC,Dieron Military District,Vega Prefecture"
501;"A";"A"
502;"A";"A"
515;"FWL";"FWL"
518;"DC";"DC,Alshain Military District,Buckminster Prefecture"
521;"FCL";"FCL,Periphery March,Tsarahavana Operational Area,Region 1"
522;"FCL";"FCL,Skye March,Alcor Operational Area,Region 3"
523;"DC";"DC,Pesht Military District,Kagoshima Prefecture"
527;"A";"A"
528;"A";"A"
529;"FCF";"FCF,Crucis March,Markesan Operational Area,New Avalon Combat Region"
537;"FCL";"FCL,Periphery March,Venaria Operational Area,Region 2"
539;"A";"A"
540;"FWL";"FWL"
542;"DC";"DC,Galedon Military District,New Samarkand Prefecture"
544;"FCF";"FCF,Crucis March,Chirikof Operational Area,Remagen Combat Region,Minor Capital"
545;"FCL";"FCL,Sarna March,Terra Firma Operational Area,Region 2"
549;"FCF";"FCF,Crucis March,Markesan Operational Area,Achemar Combat Region"
550;"DC";"DC,Pesht Military District,Qandahar Prefecture"
552;"FCF";"FCF,Draconis March,Robinson Operational Area,Dahar PDZ"
555;"FCL";"FCL,Tamarind March,Soilihull Operational Area,Region 1"
564;"FWL";"FWL"
565;"DC";"DC,Pesht Military District,Kagoshima Prefecture"
569;"FCF";"FCF,Draconis March,Robinson Operational Area,Kentares PDZ"
570;"FCF";"FCF,Crucis March,Chirikof Operational Area,Islamabad Combat Region"
572;"FCF";"FCF,Crucis March,Markesan Operational Area,Kestrel Combat Region"
573;"FCL";"FCL,Periphery March,Venaria Operational Area,Region 1"
574;"FWL";"FWL"
579;"FCF";"FCF,Crucis March,Markesan Operational Area,New Avalon Combat Region"
589;"DC";"DC,Alshain Military District,Garstedt Prefecture"
590;"A";"A"
592;"A";"A"
603;"A";"A"
605;"DC";"DC,Benjamin Military District,Xinyang Prefecture"
606;"FCF";"FCF,Crucis March,Markesan Operational Area,Achemar Combat Region"
615;"A";"A"
616;"A";"A"
622;"OA";"OA,Ramora Province"
624;"FCL";"FCL,Tamar March,Benfled Operational Area,Region 3"
625;"FCF";"FCF,Crucis March,Minette Operational Area,Anjin Muerto Combat Region"
627;"FCF";"FCF,Draconis March,Robinson Operational Area,Raman PDZ"
628;"FCL";"FCL,Periphery March,Venaria Operational Area,Region 3"
631;"FCF";"FCF,Crucis March,Chirikof Operational Area,Kearny Combat Region"
640;"FCF";"FCF,Draconis March,Robinson Operational Area,Kentares PDZ"
643;"TC";"TC"
644;"FCL";"FCL,Donegal March,Alarion Operational Area,Region 2"
646;"A";"A"
647;"FCF";"FCF,Draconis March,Robinson Operational Area,Dahar PDZ"
656;"FWL";"FWL,Silver Hawks Coalition"
659;"A";"A"
667;"FCF";"FCF,Crucis March,Minette Operational Area,Tsamma Combat Region"
669;"FWL";"FWL,Duchy of Oriente"
670;"A";"A"
671;"FCF";"FCF,Draconis March,Woodbine Operational Area,Bryceland PDZ"
679;"DC";"DC,Galedon Military District,Kaznejoy Prefecture"
687;"SIC";"SIC,Region 1"
688;"DC";"DC,Dieron Military District,Al Na'ir Prefecture"
689;"FCF";"FCF,Draconis March,Robinson Operational Area,Addicks PDZ"
694;"FCF";"FCF,Crucis March,Minette Operational Area,Anjin Muerto Combat Region"
695;"FWL";"FWL"
697;"A";"A"
698;"I";"I"
700;"FCL";"FCL,Skye March,Alcor Operational Area,Region 3"
701;"FCL";"FCL,Tamar March,Blackjack Operational Area,Region 3"
702;"A";"A"
706;"FWL";"FWL,Regulan Free States"
708;"TC";"TC,Perdition Union"
710;"FWL";"FWL,Marik Commonwealth"
714;"DC";"DC,Dieron Military District,Al Na'ir Prefecture,Major Capital"
715;"FWL";"FWL"
717;"A";"A"
719;"OA";"OA,Ramora Province"
722;"A";"A"
728;"FCL";"FCL,Tamar March,Benfled Operational Area,Region 2"
734;"FCF";"FCF,Crucis March,Minette Operational Area,Point Barrow Combat Region"
736;"DC";"DC,Benjamin Military District,Benjamin Prefecture"
738;"A";"A"
740;"A";"A"
743;"FCL";"FCL,Tamarind March,Bolan Operational Area,Region 1"
751;"A";"A"
752;"MOC";"MOC"
753;"A";"A"
754;"A";"A"
755;"A";"A"
756;"FCL";"FCL,Donegal March,Alarion Operational Area,Region 1"
757;"FCL";"FCL,Tamar March,Benfled Operational Area,Region 2"
771;"FWL";"FWL"
774;"DC";"DC,Alshain Military District,Rubigen Prefecture"
777;"FCL";"FCL,Tamarind March,Soilihull Operational Area,Region 3"
778;"A";"A"
782;"A";"A"
783;"A";"A"
786;"FCF";"FCF,Capellan March,Taygeta Operational Area,Altair PDZ"
791;"A";"A"
795;"FCL";"FCL,Sarna March,Palos Operational Area,Region 2"
800;"FCF";"FCF,Draconis March,Robinson Operational Area,Le Blanc PDZ"
801;"FWL";"FWL,The Protectorate"
802;"FCF";"FCF,Capellan March,Taygeta Operational Area,Warren PDZ"
803;"FCL";"FCL,Periphery March,Venaria Operational Area,Region 2"
804;"FR";"FR,Radstadt Province"
810;"FCL";"FCL,Periphery March,Venaria Operational Area,Region 1"
813;"FCL";"FCL,Sarna March,Terra Firma Operational Area,Region 1"
816;"GV";"GV"
818;"FWL";"FWL"
821;"FWL";"FWL,Duchy of Graham-Marik"
824;"FCL";"FCL,Donegal March,Pherkad Operational Area,Region 2"
826;"A";"A"
831;"FCL";"FCL,Donegal March,Pherkad Operational Area,Region 1"
832;"FCF";"FCF,Crucis March,Markesan Operational Area,Kestrel Combat Region"
834;"A";"A"
838;"FWL";"FWL"
850;"CI";"CI"
855;"FCL";"FCL,Tamar March,Benfled Operational Area,Region 3"
858;"DC";"DC,Benjamin Military District,Proserpina Prefecture"
859;"FR";"FR,Rasalhague Province"
863;"A";"A"
866;"FCL";"FCL,Tamarind March,Soilihull Operational Area,Region 2"
869;"FCF";"FCF,Crucis March,Minette Operational Area,Broken Wheel Combat Region"
883;"TD";"TD"
885;"A";"A"
888;"A";"A"
890;"DC";"DC,Dieron Military District,Al Na'ir Prefecture"
896;"FCF";"FCF,Capellan March,Taygeta Operational Area,New Syrtis PDZ"
897;"FCF";"FCF,Draconis March,Robinson Operational Area,Le Blanc PDZ"
899;"FCF";"FCF,Capellan March,Taygeta Operational Area,Sirdar PDZ"
900;"CI";"CI"
902;"FCF";"FCF,Crucis March,Markesan Operational Area,New Avalon Combat Region"
903;"CC";"CC,Sian Commonality,Region 2"
907;"FWL";"FWL,Duchy of Oriente"
908;"DC";"DC,Benjamin Military District,Benjamin Prefecture"
910;"FWL";"FWL"
912;"FCF";"FCF,Crucis March,Minette Operational Area,Broken Wheel Combat Region"
913;"A";"A"
916;"A";"A"
924;"MOC";"MOC"
933;"DC";"DC,Galedon Military District,Matsuida Prefecture"
935;"FWL";"FWL"
938;"FCL";"FCL,Donegal March,Pherkad Operational Area,Region 2"
946;"A";"A"
951;"FWL";"FWL,Abbey District"
953;"FCL";"FCL,Tamarind March,Soilihull Operational Area,Region 3"
957;"A";"A"
961;"A";"A"
963;"FCL";"FCL,Skye March,Alcor Operational Area,Region 1"
978;"FWL";"FWL"
981;"A";"A"
986;"DC";"DC,Galedon Military District,New Samarkand Prefecture"
988;"FCL";"FCL,Tamar March,Benfled Operational Area,Region 2"
989;"FCL";"FCL,Skye March,Alcor Operational Area,Region 3"
991;"A";"A"
992;"CC";"CC,Sian Commonality,Region 8"
994;"A";"A"
996;"DC";"DC,Pesht Military District,Qandahar Prefecture"
1000;"FCL";"FCL,Donegal March,Coventry Operational Area,Region 3"
1004;"A";"A"
1005;"FWL";"FWL"
1007;"FCF";"FCF,Crucis March,Chirikof Operational Area,Kearny Combat Region"
1009;"TC";"TC,Perdition Union"
1010;"FCF";"FCF,Crucis March,Chirikof Operational Area,Remagen Combat Region"
1016;"FCL";"FCL,Donegal March,Coventry Operational Area,Region 2"
1017;"A";"A"
1022;"FCF";"FCF,Crucis March,Chirikof Operational Area,Remagen Combat Region"
1027;"DC";"DC,Galedon Military District,Oshika Prefecture"
1033;"FCF";"FCF,Crucis March,Minette Operational Area,Anjin Muerto Combat Region"
1036;"FR";"FR,Skandia Province"
1037;"FCL";"FCL,Tamarind March,Bolan Operational Area,Region 1"
1039;"FCL";"FCL,Periphery March,Venaria Operational Area,Region 1"
1042;"FCF";"FCF,Capellan March,Kathil Operational Area,Valexa PDZ"
1044;"DC";"DC,Dieron Military District,Ashio Prefecture"
1052;"A";"A"
1057;"MOC";"MOC"
1058;"FWL";"FWL,Principality of Regulus"
1060;"DC";"DC,Galedon Military District,Matsuida Prefecture"
1062;"DC";"DC,Pesht Military District,Qandahar Prefecture"
1064;"FWL";"FWL,Duchy of Orloff"
1068;"A";"A"
1070;"FWL";"FWL"
1072;"FCF";"FCF,Draconis March,Robinson Operational Area,Addicks PDZ"
1075;"FCF";"FCF,Crucis March,Chirikof Operational Area,Islamabad Combat Region"
1082;"A";"A"
1083;"FCF";"FCF,Draconis March,Robinson Operational Area,Addicks PDZ"
1084;"A";"A"
1086;"A";"A"
1088;"FWL";"FWL,Principality of Regulus"
1092;"A";"A"
1096;"FCL";"FCL,Tamar March,Blackjack Operational Area,Region 1"
1102;"FCL";"FCL,Donegal March,Alarion Operational Area,Region 3"
1103;"A";"A"
1105;"CC";"CC,Sian Commonality,Region 3"
1110;"A";"A"
1111;"FCL";"FCL,Donegal March,Pherkad Operational Area,Region 3"
1113;"FCL";"FCL,Periphery March,Venaria Operational Area,Region 2"
1114;"FWL";"FWL"
1115;"FWL";"FWL"
1116;"A";"A"
1118;"FCF";"FCF,Capellan March,Taygeta Operational Area,New Syrtis PDZ"
1123;"FR";"FR,Radstadt Province"
1125;"CC";"CC,Sian Commonality,Region 10"
1129;"FWL";"FWL"
1131;"DC";"DC,Pesht Military District,Ningxia Prefecture"
1135;"FCL";"FCL,Donegal March,Coventry Operational Area,Region 4"
1141;"FCL";"FCL,Periphery March,Tsarahavana Operational Area,Region 2"
1142;"FWL";"FWL"
1143;"FCF";"FCF,Crucis March,Minette Operational Area,Anjin Muerto Combat Region"
1149;"FWL";"FWL,Mosiro Archipelago"
1150;"A";"A"
1154;"A";"A"
1156;"A";"A"
1160;"TC";"TC,Hyades Union"
1162;"FCL";"FCL,Tamarind March,Soilihull Operational Area,Region 3"
1166;"FWL";"FWL"
1168;"A";"A"
1173;"A";"A"
1175;"DC";"DC,Benjamin Military District,Xinyang Prefecture"
1178;"A";"A"
1182;"IP";"IP,Faction Capital"
1183;"A";"A"
1189;"FCF";"FCF,Capellan March,Taygeta Operational Area,Sirdar PDZ"
1191;"FCL";"FCL,Periphery March,Tsarahavana Operational Area,Region 2"
1192;"FCL";"FCL,Periphery March,Venaria Operational Area,Region 3"
1193;"FCL";"FCL,Donegal March,Coventry Operational Area,Region 3"
1204;"CF";"CF"
1208;"DC";"DC,Pesht Military District,Kagoshima Prefecture,Minor Capital"
1210;"A";"A"
1213;"DC";"DC,Galedon Military District,Oshika Prefecture"
1215;"TC";"TC,Hyades Union"
1218;"DC";"DC,Pesht Military District,Kagoshima Prefecture"
1223;"FCL";"FCL,Skye March,Ryde Operational Area,Region 2"
1227;"A";"A"
1228;"CC";"CC,Sian Commonality,Region 13"
1231;"TC";"TC,Hyades Union"
1232;"A";"A"
1233;"TC";"TC,Hyades Union"
1235;"A";"A"
1239;"A";"A"
1241;"FCL";"FCL,Donegal March,Pherkad Operational Area,Region 3"
1242;"A";"A"
1244;"A";"A"
1248;"DC";"DC,Pesht Military District,Bjarred Prefecture"
1250;"FCF";"FCF,Crucis March,Minette Operational Area,Broken Wheel Combat Region"
1251;"FR";"FR,Rasalhague Province"
1252;"FWL";"FWL"
1253;"A";"A"
1258;"FCL";"FCL,Sarna March,Palos Operational Area,Region 1"
1266;"DC";"DC,Pesht Military District,Kagoshima Prefecture"
1267;"FWL";"FWL"
1273;"DC";"DC,Alshain Military District,Rubigen Prefecture"
1274;"FCF";"FCF,Capellan March,Taygeta Operational Area,Sirdar PDZ"
1281;"FWL";"FWL"
1286;"FCL";"FCL,Donegal March,Alarion Operational Area,Region 3"
1288;"FCL";"FCL,Donegal March,Pherkad Operational Area,Region 2"
1289;"FR";"FR,Radstadt Province"
1290;"A";"A"
1291;"DC";"DC,Benjamin Military District,Xinyang Prefecture"
1293;"A";"A"
1295;"FWL";"FWL"
1303;"A";"A"
1304;"A";"A"
1305;"FWL";"FWL"
1306;"A";"A"
1307;"FCL";"FCL,Periphery March,Venaria Operational Area,Region 1"
1310;"DC";"DC,Dieron Military District,Kessel Prefecture"
1313;"FCF";"FCF,Draconis March,Robinson Operational Area,Addicks PDZ"
1318;"FWL";"FWL,Principality of Regulus"
1323;"FCL";"FCL,Tamar March,Benfled Operational Area,Region 3"
1324;"FR";"FR,Radstadt Province"
1326;"A";"A"
1331;"A";"A"
1336;"FCF";"FCF,Crucis March,Markesan Operational Area,Kestrel Combat Region"
1337;"FCF";"FCF,Capellan March,Taygeta Operational Area,Warren PDZ"
1338;"FWL";"FWL,Marik Commonwealth"
1347;"FCF";"FCF,Capellan March,Taygeta Operational Area,New Syrtis PDZ"
1349;"FWL";"FWL"
1356;"A";"A"
1366;"FCF";"FCF,Capellan March,Taygeta Operational Area,Warren PDZ"
1370;"FCL";"FCL,Tamarind March,Bolan Operational Area,Region 1"
1371;"FWL";"FWL"
1372;"FCL";"FCL,Periphery March,Venaria Operational Area,Region 1"
1374;"DC";"DC,Benjamin Military District,Proserpina Prefecture"
1379;"A";"A"
1380;"A";"A"
1381;"FCL";"FCL,Skye March,Ryde Operational Area,Region 3"
1384;"FCL";"FCL,Donegal March,Pherkad Operational Area,Region 3"
1387;"DC";"DC,Pesht Military District,Ningxia Prefecture"
1388;"A";"A"
1390;"A";"A"
1393;"FCL";"FCL,Tamar March,Benfled Operational Area,Region 2"
1395;"DC";"DC,Dieron Military District,Kessel Prefecture"
1404;"FCF";"FCF,Crucis March,Chirikof Operational Area,Remagen Combat Region"
1405;"DC";"DC,Galedon Military District,New Samarkand Prefecture"
1409;"FCL";"FCL,Periphery March,Tsarahavana Operational Area,Region 1"
1410;"A";"A"
1412;"DC";"DC,Benjamin Military District,Baldur Prefecture"
1413;"FCL";"FCL,Donegal March,Coventry Operational Area,Region 3"
1415;"CC";"CC,Sian Commonality,Region 1"
1419;"FR";"FR,Radstadt Province"
1423;"A";"A"
1426;"CC";"CC,Sian Commonality,Region 9"
1428;"DC";"DC,Dieron Military District,Al Na'ir Prefecture"
1429;"FCL";"FCL,Donegal March,Alarion Operational Area,Region 1"
1432;"FCL";"FCL,Periphery March,Tsarahavana Operational Area,Region 3"
1435;"FCL";"FCL,Skye March,Ryde Operational Area,Region 3"
1437;"A";"A"
1438;"FWL";"FWL"
1439;"DC";"DC,Pesht Military District,Kagoshima Prefecture"
1441;"GV";"GV"
1443;"TC";"TC,Hyades Union"
1445;"FCL";"FCL,Skye March,Alcor Operational Area,Region 2"
1449;"FWL";"FWL,Marik Commonwealth"
1450;"FCL";"FCL,Donegal March,Alarion Operational Area,Region 2"
1477;"FWL";"FWL"
1478;"FR";"FR,Rasalhague Province"
1480;"FWL";"FWL,Duchy of Oriente"
1483;"FWL";"FWL,Rim Commonality"
1484;"FCF";"FCF,Crucis March,Markesan Operational Area,Kestrel Combat Region"
1494;"FWL";"FWL"
1500;"FCF";"FCF,Crucis March,Markesan Operational Area,Achemar Combat Region"
1501;"DC";"DC,Benjamin Military District,Irurzun Prefecture"
1507;"FCF";"FCF,Crucis March,Markesan Operational Area,Achemar Combat Region"
1511;"A";"A"
1515;"OA";"OA,Alpheratz Province"
1517;"FCL";"FCL,Tamarind March,Bolan Operational Area,Region 1"
1524;"FCL";"FCL,Donegal March,Alarion Operational Area,Region 1"
1532;"DC";"DC,Benjamin Military District,Irurzun Prefecture"
1533;"FCL";"FCL,Donegal March,Coventry Operational Area,Region 1"
1534;"A";"A"
1535;"FWL";"FWL"
1536;"FWL";"FWL,Duchy of Andurien"
1538;"A";"A"
1540;"A";"A"
1543;"FCF";"FCF,Draconis March,Woodbine Operational Area,Bryceland PDZ"
1546;"FCL";"FCL,Skye March,Ryde Operational Area,Region 3"
1551;"FCL";"FCL,Periphery March,Tsarahavana Operational Area,Region 1"
1559;"FCL";"FCL,Periphery March,Venaria Operational Area,Region 3"
1561;"FCL";"FCL,Tamar March,Benfled Operational Area,Region 1"
1562;"A";"A"
1563;"FCL";"FCL,Donegal March,Coventry Operational Area,Region 1"
1565;"FCF";"FCF,Capellan March,Taygeta Operational Area,Altair PDZ"
1569;"A";"A"
1575;"DC";"DC,Pesht Military District,Kagoshima Prefecture"
1581;"A";"A"
1582;"FCL";"FCL,Donegal March,Coventry Operational Area,Region 1"
1584;"FCL";"FCL,Sarna March,Palos Operational Area,Region 1"
1591;"A";"A"
1593;"FWL";"FWL,Abbey District"
1596;"FCF";"FCF,Crucis March,Markesan Operational Area,Achemar Combat Region"
1597;"A";"A"
1603;"DC";"DC,Alshain Military District,Rubigen Prefecture"
1604;"FCL";"FCL,Skye March,Alcor Operational Area,Region 3"
1608;"FCF";"FCF,Crucis March,Minette Operational Area,Broken Wheel Combat Region"
1620;"A";"A"
1622;"A";"A"
1625;"FWL";"FWL,Duchy of Oriente"
1629;"FCF";"FCF,Crucis March,Minette Operational Area,Tsamma Combat Region"
1638;"A";"A"
1641;"FCF";"FCF,Draconis March,Robinson Operational Area,Raman PDZ"
1643;"FCF";"FCF,Crucis March,Markesan Operational Area,Achemar Combat Region"
1647;"FCL";"FCL,Tamar March,Benfled Operational Area,Region 3"
1648;"FWL";"FWL"
1649;"A";"A"
1652;"A";"A"
1656;"A";"A"
1660;"DC";"DC,Benjamin Military District,Baldur Prefecture"
1662;"A";"A"
1663;"FCF";"FCF,Crucis March,Minette Operational Area,Point Barrow Combat Region"
1664;"FCF";"FCF,Crucis March,Minette Operational Area,Broken Wheel Combat Region"
1666;"A";"A"
1669;"A";"A"
1672;"FCF";"FCF,Capellan March,Taygeta Operational Area,Sirdar PDZ"
1675;"FCL";"FCL,Sarna March,Palos Operational Area,Region 1"
1678;"FCL";"FCL,Sarna March,Palos Operational Area,Region 1"
1680;"FWL";"FWL,Stewart Commonality"
1683;"A";"A"
1697;"A";"A"
1698;"FCF";"FCF,Capellan March,Taygeta Operational Area,Altair PDZ"
1705;"FCF";"FCF,Draconis March,Woodbine Operational Area,Kilbourne PDZ"
1707;"FWL";"FWL,Duchy of Oriente"
1708;"SIC";"SIC,Region 1"
1711;"DC";"DC,Benjamin Military District,Benjamin Prefecture"
1715;"CC";"CC,Capella Commonality,Region 4"
1716;"DC";"DC,Benjamin Military District,Benjamin Prefecture"
1719;"FCF";"FCF,Draconis March,Robinson Operational Area,Kentares PDZ"
1722;"OA";"OA,Ramora Province"
1723;"FCL";"FCL,Donegal March,Coventry Operational Area,Region 1"
1726;"TC";"TC,Hyades Union"
1729;"A";"A"
1731;"A";"A"
1739;"A";"A"
1741;"FWL";"FWL,Principality of Gibson"
1745;"FCF";"FCF,Capellan March,Kathil Operational Area,Kathil PDZ"
1746;"FCF";"FCF,Crucis March,Minette Operational Area,Tsamma Combat Region"
1748;"A";"A"
1754;"FCF";"FCF,Capellan March,Kathil Operational Area,Valexa PDZ"
1756;"TD";"TD"
1757;"FCL";"FCL,Tamar March,Benfled Operational Area,Region 2"
1759;"FR";"FR,Radstadt Province"
1760;"FCL";"FCL,Tamar March,Benfled Operational Area,Region 3"
1761;"A";"A"
1767;"FR";"FR,Rasalhague Province"
1774;"CC";"CC,Sian Commonality,Region 12"
1775;"A";"A"
1777;"A";"A"
1778;"FWL";"FWL,Principality of Regulus"
1780;"A";"A"
1782;"A";"A"
1784;"A";"A"
1787;"FCF";"FCF,Crucis March,Chirikof Operational Area,Remagen Combat Region"
1788;"A";"A"
1790;"A";"A"
1793;"DC";"DC,Galedon Military District,New Samarkand Prefecture"
1796;"FCL";"FCL,Sarna March,Terra Firma Operational Area,Region 2"
1798;"FCF";"FCF,Capellan March,Taygeta Operational Area,Altair PDZ"
1799;"A";"A"
1801;"SIC";"SIC,Region 2"
1811;"DC";"DC,Galedon Military District,Matsuida Prefecture"
1815;"A";"A"
1818;"A";"A"
1819;"FR";"FR,Rasalhague Province"
1821;"FCL";"FCL,Donegal March,Coventry Operational Area,Region 3"
1823;"A";"A"
1824;"A";"A"
1828;"A";"A"
1830;"TC";"TC,Hyades Union"
1833;"FCL";"FCL,Sarna March,Terra Firma Operational Area,Region 3"
1838;"FCL";"FCL,Skye March,Alcor Operational Area,Region 2"
1839;"FCL";"FCL,Sarna March,Palos Operational Area,Region 1"
1841;"FWL";"FWL,Marik Commonwealth"
1842;"FR";"FR,Rasalhague Province"
1846;"CC";"CC,Sian Commonality,Region 15"
1847;"CC";"CC,Capella Commonality,Region 4"
1849;"A";"A"
1853;"A";"A"
1854;"FCF";"FCF,Capellan March,Taygeta Operational Area,New Syrtis PDZ,Major Capital"
1858;"TC";"TC,Hyades Union"
1859;"DC";"DC,Dieron Military District,Vega Prefecture"
1861;"FWL";"FWL"
1862;"FCF";"FCF,Crucis March,Markesan Operational Area,Kestrel Combat Region"
1863;"FCL";"FCL,Tamar March,Blackjack Operational Area,Region 2"
1865;"FWL";"FWL,Principality of Regulus"
1872;"FCL";"FCL,Sarna March,Terra Firma Operational Area,Region 4"
1873;"DC";"DC,Pesht Military District,Ningxia Prefecture,Minor Capital"
1884;"FWL";"FWL"
1887;"FCL";"FCL,Donegal March,Alarion Operational Area,Region 1"
1888;"A";"A"
1893;"FCF";"FCF,Crucis March,Markesan Operational Area,Kestrel Combat Region"
1895;"FCF";"FCF,Draconis March,Robinson Operational Area,Addicks PDZ"
1902;"I";"I"
1905;"FR";"FR,Skandia Province"
1906;"A";"A"
1910;"DC";"DC,Alshain Military District,Buckminster Prefecture"
1915;"DC";"DC,Alshain Military District,Garstedt Prefecture"
1918;"FWL";"FWL"
1919;"DC";"DC,Benjamin Military District,Baldur Prefecture"
1920;"A";"A"
1921;"FCF";"FCF,Crucis March,Markesan Operational Area,New Avalon Combat Region"
1929;"A";"A"
1930;"FCF";"FCF,Crucis March,Minette Operational Area,Anjin Muerto Combat Region"
1935;"A";"A"
1939;"FCL";"FCL,Skye March,Alcor Operational Area,Region 3"
1949;"FCL";"FCL,Tamar March,Benfled Operational Area,Region 3"
1951;"FCL";"FCL,Periphery March,Venaria Operational Area,Region 1"
1957;"I";"I"
1960;"A";"A"
1961;"DC";"DC,Pesht Military District,Kagoshima Prefecture"
1962;"FR";"FR,Rasalhague Province"
1966;"A";"A"
1968;"A";"A"
1970;"FCF";"FCF,Draconis March,Woodbine Operational Area,Bryceland PDZ"
1979;"FCF";"FCF,Crucis March,Chirikof Operational Area,Islamabad Combat Region"
1983;"FCL";"FCL,Tamar March,Blackjack Operational Area,Region 2"
1985;"A";"A"
1988;"FWL";"FWL"
1989;"FCF";"FCF,Crucis March,Markesan Operational Area,Kestrel Combat Region"
1991;"FCF";"FCF,Draconis March,Woodbine Operational Area,Bryceland PDZ"
1992;"A";"A"
1994;"A";"A"
2002;"FCF";"FCF,Crucis March,Markesan Operational Area,Kestrel Combat Region"
2005;"A";"A"
2011;"TC";"TC,Perdition Union,Major Capital"
2016;"FCL";"FCL,Tamar March,Blackjack Operational Area,Region 1"
2018;"FCF";"FCF,Crucis March,Markesan Operational Area,Kestrel Combat Region"
2019;"FCL";"FCL,Sarna March,Palos Operational Area,Region 2"
2023;"DC";"DC,Benjamin Military District,Xinyang Prefecture"
2026;"A";"A"
2028;"DC";"DC,Alshain Military District,Buckminster Prefecture"
2032;"FWL";"FWL"
2034;"FWL";"FWL"
2036;"FCL";"FCL,Tamar March,Blackjack Operational Area,Region 3"
2040;"A";"A"
2044;"FCF";"FCF,Crucis March,Minette Operational Area,Point Barrow Combat Region"
2052;"DC";"DC,Pesht Military District,Kagoshima Prefecture"
2053;"FCL";"FCL,Skye March,Ryde Operational Area,Region 1"
2056;"FCF";"FCF,Crucis March,Markesan Operational Area,Kestrel Combat Region"
2061;"FR";"FR,Radstadt Province"
2062;"FCL";"FCL,Donegal March,Alarion Operational Area,Region 2"
2066;"FWL";"FWL"
2075;"CC";"CC,Capella Commonality,Region 1"
2076;"DC";"DC,Benjamin Military District,Proserpina Prefecture,Minor Capital"
2077;"FCF";"FCF,Draconis March,Woodbine Operational Area,Mayetta PDZ"
2080;"CC";"CC,Sian Commonality,Region 4"
2086;"FCL";"FCL,Periphery March,Tsarahavana Operational Area,Region 3"
2088;"OA";"OA,Cerberus Province"
2094;"OA";"OA,Ramora Province"
2101;"FCF";"FCF,Capellan March,Kathil Operational Area,Alcyone PDZ"
2104;"FR";"FR,Rasalhague Province"
2107;"A";"A"
2108;"A";"A"
2109;"FCL";"FCL,Tamarind March,Soilihull Operational Area,Region 2"
2112;"FCF";"FCF,Draconis March,Robinson Operational Area,Raman PDZ"
2114;"DC";"DC,Galedon Military District,New Samarkand Prefecture"
2116;"OA";"OA,Ramora Province,Major Capital"
2117;"FR";"FR,Skandia Province"
2119;"CC";"CC,Sian Commonality,Region 8"
2122;"FCL";"FCL,Tamar March,Benfled Operational Area,Region 3"
2126;"FCF";"FCF,Capellan March,Kathil Operational Area,Alcyone PDZ"
2131;"A";"A"
2132;"DC";"DC,Benjamin Military District,Irurzun Prefecture"
2135;"FCF";"FCF,Crucis March,Markesan Operational Area,New Avalon Combat Region"
2136;"FCL";"FCL,Sarna March,Palos Operational Area,Region 3"
2144;"CC";"CC,Sian Commonality,Region 15"
2145;"A";"A"
2146;"A";"A"
2147;"FCL";"FCL,Periphery March,Venaria Operational Area,Region 3"
2158;"OA";"OA,Cerberus Province"
2161;"FCF";"FCF,Capellan March,Taygeta Operational Area,Altair PDZ"
2164;"FCF";"FCF,Draconis March,Robinson Operational Area,Le Blanc PDZ"
2166;"I";"I"
2172;"FCL";"FCL,Tamar March,Blackjack Operational Area,Region 3"
2174;"FCL";"FCL,Sarna March,Terra Firma Operational Area,Region 3"
2177;"A";"A"
2189;"DC";"DC,Dieron Military District,Algedi Prefecture"
2192;"A";"A"
2194;"FWL";"FWL,Duchy of Andurien"
2195;"A";"A"
2199;"A";"A"
2200;"FCL";"FCL,Skye March,Ryde Operational Area,Region 3"
2201;"FWL";"FWL"
2202;"DC";"DC,Dieron Military District,Al Na'ir Prefecture"
2203;"DC";"DC,Benjamin Military District,Proserpina Prefecture"
2205;"FCF";"FCF,Capellan March,Taygeta Operational Area,Sirdar PDZ"
2206;"DC";"DC,Dieron Military District,Al Na'ir Prefecture"
2207;"FCF";"FCF,Crucis March,Markesan Operational Area,New Avalon Combat Region"
2211;"FCL";"FCL,Skye March,Ryde Operational Area,Region 1"
2214;"A";"A"
2219;"A";"A"
2221;"FWL";"FWL,Duchy of Oriente"
2228;"A";"A"
2234;"FCL";"FCL,Periphery March,Venaria Operational Area,Region 1"
2235;"A";"A"
2236;"FCL";"FCL,Periphery March,Venaria Operational Area,Region 1"
2238;"A";"A"
2239;"FCL";"FCL,Donegal March,Coventry Operational Area,Region 3"
2245;"A";"A"
2250;"FWL";"FWL"
2251;"DC";"DC,Pesht Military District,Albiero Prefecture"
2252;"FCF";"FCF,Draconis March,Woodbine Operational Area,Mayetta PDZ"
2267;"FCF";"FCF,Crucis March,Markesan Operational Area,Achemar Combat Region"
2269;"FWL";"FWL"
2272;"FCL";"FCL,Skye March,Alcor Operational Area,Region 1"
2277;"A";"A"
2286;"A";"A"
2289;"FCL";"FCL,Periphery March,Venaria Operational Area,Region 3"
2290;"A";"A"
2291;"A";"A"
2295;"FWL";"FWL"
2297;"A";"A"
2299;"FCF";"FCF,Crucis March,Minette Operational Area,Anjin Muerto Combat Region"
2300;"DC";"DC,Alshain Military District,Rubigen Prefecture"
2301;"FCL";"FCL,Sarna March,Palos Operational Area,Region 1"
2309;"A";"A"
2311;"DC";"DC,Pesht Military District,Kagoshima Prefecture"
2316;"A";"A"
2331;"FWL";"FWL"
2333;"CC";"CC,Sian Commonality,Region 6"
2334;"OC";"OC"
2335;"A";"A"
2336;"A";"A"
2338;"FWL";"FWL,Abbey District"
2342;"FWL";"FWL"
2344;"DC";"DC,Galedon Military District,New Samarkand Prefecture"
2349;"A";"A"
2350;"FCF";"FCF,Draconis March,Robinson Operational Area,Kentares PDZ"
2351;"FCF";"FCF,Crucis March,Minette Operational Area,Broken Wheel Combat Region"
2353;"FR";"FR,Radstadt Province"
2355;"FWL";"FWL"
2356;"FCL";"FCL,Skye March,Alcor Operational Area,Region 2,Major Capital"
2359;"FCL";"FCL,Sarna March,Terra Firma Operational Area,Region 3"
2360;"FCL";"FCL,Sarna March,Terra Firma Operational Area,Region 1"
2363;"FCL";"FCL,Donegal March,Alarion Operational Area,Region 2"
2366;"A";"A"
2367;"FCF";"FCF,Crucis March,Minette Operational Area,Broken Wheel Combat Region"
2368;"FCF";"FCF,Crucis March,Markesan Operational Area,Kestrel Combat Region"
2374;"FCL";"FCL,Periphery March,Venaria Operational Area,Region 3"
2379;"FWL";"FWL"
2384;"I";"I"
2386;"A";"A"
2387;"FR";"FR,Radstadt Province"
2388;"FCL";"FCL,Sarna March,Palos Operational Area,Region 1"
2389;"A";"A"
2392;"FR";"FR,Rasalhague Province"
2395;"A";"A"
2401;"I";"I"
2402;"A";"A"
2403;"FCF";"FCF,Crucis March,Markesan Operational Area,New Avalon Combat Region"
2406;"FCF";"FCF,Capellan March,Kathil Operational Area,Alcyone PDZ"
2409;"FCF";"FCF,Draconis March,Woodbine Operational Area,Kilbourne PDZ"
2412;"A";"A"
2414;"A";"A"
2415;"A";"A"
2417;"FCL";"FCL,Donegal March,Alarion Operational Area,Region 1"
2420;"FCF";"FCF,Draconis March,Woodbine Operational Area,Milligan PDZ"
2423;"A";"A"
2427;"DC";"DC,Dieron Military District,Al Na'ir Prefecture"
2429;"DC";"DC,Galedon Military District,Tabayama Prefecture"
2431;"DC";"DC,Alshain Military District,Buckminster Prefecture"
2433;"FCL";"FCL,Skye March,Alcor Operational Area,Region 2"
2439;"A";"A"
2441;"FR";"FR,Rasalhague Province"
2442;"FCF";"FCF,Crucis March,Chirikof Operational Area,Remagen Combat Region"
2448;"DC";"DC,Galedon Military District,New Samarkand Prefecture"
2456;"FCF";"FCF,Crucis March,Minette Operational Area,Anjin Muerto Combat Region"
2462;"DC";"DC,Galedon Military District,Tabayama Prefecture,Minor Capital"
2465;"FCL";"FCL,Periphery March,Tsarahavana Operational Area,Region 3"
2466;"A";"A"
2472;"SIC";"SIC,Region 4"
2473;"FCF";"FCF,Draconis March,Robinson Operational Area,Dahar PDZ"
2474;"FCL";"FCL,Tamar March,Benfled Operational Area,Region 1,Major Capital"
2475;"FWL";"FWL,Duchy of Tamarind,Minor Capital"
2476;"DC";"DC,Benjamin Military District,Benjamin Prefecture"
2480;"FCL";"FCL,Periphery March,Tsarahavana Operational Area,Region 3"
2492;"FCF";"FCF,Draconis March,Robinson Operational Area,Le Blanc PDZ"
2503;"A";"A"
2504;"FWL";"FWL"
2505;"MOC";"MOC"
2510;"FWL";"FWL"
2511;"DC";"DC,Dieron Military District,Al Na'ir Prefecture"
2512;"FWL";"FWL,Rim Commonality"
2522;"A";"A"
2525;"FR";"FR,Skandia Province"
2528;"FR";"FR,Rasalhague Province"
2532;"FCF";"FCF,Draconis March,Woodbine Operational Area,Kilbourne PDZ"
2534;"A";"A"
2536;"MOC";"MOC"
2537;"FCL";"FCL,Tamarind March,Soilihull Operational Area,Region 1"
2541;"A";"A"
2547;"FCL";"FCL,Periphery March,Venaria Operational Area,Region 1"
2550;"DC";"DC,Alshain Military District,Rubigen Prefecture"
2551;"A";"A"
2555;"FCF";"FCF,Draconis March,Robinson Operational Area,Dahar PDZ"
2557;"DC";"DC,Alshain Military District,Rubigen Prefecture"
2558;"DC";"DC,Galedon Military District,Oshika Prefecture"
2560;"FWL";"FWL,Rim Commonality"
2562;"FCL";"FCL,Tamar March,Blackjack Operational Area,Region 1"
2566;"A";"A"
2569;"TD";"TD,Faction Capital"
2572;"A";"A"
2575;"IP";"IP"
2580;"FCL";"FCL,Tamarind March,Soilihull Operational Area,Region 2"
2585;"FWL";"FWL"
2588;"FR";"FR,Rasalhague Province"
2591;"MOC";"MOC"
2592;"FCF";"FCF,Crucis March,Minette Operational Area,Tsamma Combat Region"
2593;"FCL";"FCL,Periphery March,Tsarahavana Operational Area,Region 3,Minor Capital"
2596;"FCL";"FCL,Sarna March,Palos Operational Area,Region 1"
2597;"DC";"DC,Dieron Military District,Vega Prefecture"
2606;"DC";"DC,Pesht Military District,Albiero Prefecture"
2619;"FCL";"FCL,Sarna March,Palos Operational Area,Region 2"
2621;"A";"A"
2622;"A";"A"
2625;"A";"A"
2627;"FWL";"FWL"
2629;"DC";"DC,Pesht Military District,Kagoshima Prefecture"
2633;"FR";"FR,Rasalhague Province"
2637;"FCL";"FCL,Periphery March,Venaria Operational Area,Region 2"
2642;"FCL";"FCL,Donegal March,Pherkad Operational Area,Region 3"
2650;"A";"A"
2651;"FCL";"FCL,Periphery March,Venaria Operational Area,Region 3"
2660;"FCL";"FCL,Tamar March,Blackjack Operational Area,Region 3"
2662;"A";"A"
2668;"FCF";"FCF,Capellan March,Taygeta Operational Area,Sirdar PDZ"
2674;"A";"A"
2682;"FCF";"FCF,Crucis March,Minette Operational Area,Tsamma Combat Region"
2686;"FCL";"FCL,Donegal March,Alarion Operational Area,Region 1"
2692;"A";"A"
2693;"FR";"FR,Rasalhague Province"
2695;"A";"A"
2697;"FCL";"FCL,Periphery March,Venaria Operational Area,Region 1"
2699;"A";"A"
2703;"A";"A"
2706;"FCL";"FCL,Tamar March,Benfled Operational Area,Region 1"
2707;"A";"A"
2711;"FCF";"FCF,Crucis March,Minette Operational Area,Broken Wheel Combat Region"
2712;"A";"A"
2713;"DC";"DC,Galedon Military District,Kaznejoy Prefecture"
2714;"FCL";"FCL,Tamar March,Blackjack Operational Area,Region 3"
2717;"A";"A"
2720;"CC";"CC,Sian Commonality,Region 15"
2729;"A";"A"
2730;"I";"I"
2733;"A";"A"
2735;"FCF";"FCF,Capellan March,Kathil Operational Area,Alcyone PDZ"
2739;"DC";"DC,Galedon Military District,Kaznejoy Prefecture"
2741;"A";"A"
2743;"FCF";"FCF,Crucis March,Minette Operational Area,Point Barrow Combat Region"
2748;"FCL";"FCL,Donegal March,Pherkad Operational Area,Region 1"
2750;"FWL";"FWL"
2753;"FR";"FR,Skandia Province"
2761;"FCL";"FCL,Donegal March,Coventry Operational Area,Region 2"
2766;"FWL";"FWL"
2767;"A";"A"
2769;"DC";"DC,Pesht Military District,Kagoshima Prefecture"
2770;"FWL";"FWL"
2777;"FCF";"FCF,Capellan March,Taygeta Operational Area,Altair PDZ"
2778;"CC";"CC,Sian Commonality,Region 6"
2779;"FCL";"FCL,Donegal March,Coventry Operational Area,Region 3"
2790;"DC";"DC,Pesht Military District,Kagoshima Prefecture"
2794;"A";"A"
2795;"DC";"DC,Benjamin Military District,Benjamin Prefecture"
2797;"FCL";"FCL,Skye March,Ryde Operational Area,Region 2"
2799;"A";"A"
2802;"FCL";"FCL,Skye March,Ryde Operational Area,Region 3"
2804;"A";"A"
2805;"A";"A"
2811;"A";"A"
2813;"A";"A"
2814;"A";"A"
2816;"A";"A"
2817;"FCL";"FCL,Skye March,Alcor Operational Area,Region 2"
2820;"A";"A"
2822;"FCL";"FCL,Sarna March,Palos Operational Area,Region 1"
2823;"FCL";"FCL,Skye March,Alcor Operational Area,Region 3"
2829;"A";"A"
2830;"A";"A"
2832;"A";"A"
2835;"A";"A"
2842;"DC";"DC,Galedon Military District,Tabayama Prefecture"
2843;"FCL";"FCL,Tamar March,Blackjack Operational Area,Region 3"
2847;"FCL";"FCL,Skye March,Alcor Operational Area,Region 3"
2848;"A";"A"
2850;"FCL";"FCL,Sarna March,Terra Firma Operational Area,Region 4"
2857;"MH";"MH"
2860;"MH";"MH"
2861;"MH";"MH"
2866;"LL";"LL"
2867;"LL";"LL"
2868;"LL";"LL"
2870;"LL";"LL"
2871;"U";"U"
2875;"LL";"LL"
2876;"MH";"MH"
2886;"TC";"TC"
2892;"TC";"TC"
2893;"U";"U"
2894;"OA";"OA,Ramora Province"
2896;"TC";"TC"
2897;"OA";"OA,Ramora Province"
2898;"OC";"OC"
2903;"TC";"TC"
2904;"TC";"TC"
2906;"I";"I"
2908;"FCF";"FCF,Crucis March,Minette Operational Area,Point Barrow Combat Region"
2909;"TC";"TC"
2911;"TC";"TC"
2913;"TC";"TC"
2914;"TC";"TC"
2915;"TC";"TC"
2916;"TC";"TC"
2917;"OC";"OC"
2918;"EF";"EF"
2919;"TC";"TC,Hyades Union"
2921;"I";"I"
2922;"FWL";"FWL"
2926;"TC";"TC"
2928;"C";"C"
2929;"CBR";"CBR,Faction Capital"
2931;"C";"C"
2932;"C";"C"
2933;"C";"C"
2934;"C";"C"
2938;"C";"C"
2939;"U";"U"
2942;"C";"C"
2943;"C";"C"
2944;"C";"C"
2946;"CSV";"CSV"
2951;"C";"C"
2955;"CHH";"CHH,Faction Capital"
2960;"CSA";"CSA,Faction Capital"
2961;"C";"C,Faction Capital"
2966;"C";"C"
2971;"A";"A"
2972;"NC";"NC"
2974;"NC";"NC"
2975;"NC";"NC"
2976;"NC";"NC"
2978;"NC";"NC"
2982;"HL";"HL,Region 7"
2984;"HL";"HL,Region 6"
2985;"HL";"HL,Region 5,Faction Capital"
2988;"HL";"HL,Region 3"
2995;"HL";"HL,Region 7"
2997;"HL";"HL,Region 3"
3000;"HL";"HL,Region 6"
3002;"HL";"HL,Region 1"
3008;"HL";"HL,Region 4"
3017;"U";"U"
3020;"U";"U"
3021;"CS";"CS"
3022;"U";"U"
3023;"U";"U"
3025;"U";"U"
3026;"U";"U"
3030;"I";"I"
3034;"U";"U"
3036;"U";"U"
3037;"U";"U"
3039;"U";"U"
3041;"U";"U"
3065;"AP";"AP"
3066;"AP";"AP"
3067;"AP";"AP"
3068;"AP";"AP"
3073;"AP";"AP"
3080;"A";"A"
3083;"IE";"IE"
3084;"IE";"IE"
3085;"A";"A"
3086;"A";"A"
3096;"NDC";"NDC"
3099;"NDC";"NDC"
3101;"NDC";"NDC"
3104;"NDC";"NDC"
3110;"I";"I"
3126;"U";"U"
3129;"JF";"JF"
3130;"U";"U"
3135;"JF";"JF"
3137;"U";"U"
3139;"JF";"JF"
3140;"A";"A"
3142;"A";"A"
3145;"A";"A"
3146;"A";"A"
3150;"A";"A"
3151;"A";"A"
3152;"A";"A"
3155;"A";"A"
3156;"A";"A"
3159;"A";"A"
3160;"A";"A"
3165;"A";"A"
3169;"U";"U"
3170;"U";"U"
3173;"U";"U"
